{
"images": ["interface_2x.png"],
"frames": [

    [2, 1837, 88, 130], 
    [2, 2, 1472, 112], 
    [1008, 774, 70, 68], 
    [562, 1960, 86, 86], 
    [473, 1960, 86, 86], 
    [1937, 545, 70, 68], 
    [1790, 756, 100, 102], 
    [1915, 654, 100, 102], 
    [1943, 474, 70, 68], 
    [384, 1960, 86, 86], 
    [295, 1960, 86, 86], 
    [1893, 759, 86, 86], 
    [1970, 348, 36, 24], 
    [1952, 441, 30, 30], 
    [1970, 375, 30, 30], 
    [2, 667, 1280, 104], 
    [1477, 95, 544, 90], 
    [1790, 457, 150, 52], 
    [1477, 2, 544, 90], 
    [1790, 894, 216, 30], 
    [1790, 861, 216, 30], 
    [1460, 269, 544, 76], 
    [1468, 188, 544, 78], 
    [1477, 2, 544, 90], 
    [93, 1837, 886, 120], 
    [2, 1970, 290, 76], 
    [2024, 2, 22, 22], 
    [1790, 927, 200, 90], 
    [1790, 1069, 184, 98], 
    [1790, 603, 122, 150], 
    [1335, 207, 122, 150], 
    [2, 304, 1330, 104], 
    [2024, 27, 16, 574], 
    [2, 117, 1330, 184], 
    [1790, 1020, 190, 46], 
    [1335, 162, 130, 42], 
    [1335, 117, 130, 42], 
    [651, 1960, 354, 72], 
    [2, 1170, 454, 664], 
    [1333, 457, 454, 664], 
    [1954, 408, 58, 30], 
    [1915, 635, 112, 16], 
    [1915, 616, 112, 16], 
    [1790, 512, 144, 88], 
    [1333, 430, 616, 24], 
    [1335, 360, 632, 40], 
    [1335, 403, 616, 24], 
    [2, 558, 1328, 106], 
    [2, 411, 1328, 144]
],
"animations": {
    
        "allow_web":[0], 
        "bottomheader":[1], 
        "button_close":[2], 
        "button_facebook":[3], 
        "button_google":[4], 
        "button_next":[5], 
        "button_pause":[6], 
        "button_play":[7], 
        "button_prev":[8], 
        "button_renren":[9], 
        "button_twitter":[10], 
        "button_weibo":[11], 
        "camera_icon":[12], 
        "checkbox":[13], 
        "checkbox_checked":[14], 
        "final_end_top":[15], 
        "instructions_balloon":[16], 
        "instructions_cursor":[17], 
        "instructions_cutout":[18], 
        "instructions_flourish":[19], 
        "instructions_flourish_top":[20], 
        "instructions_music":[21], 
        "instructions_warning":[22], 
        "instructions_zoetrope":[23], 
        "landing_bottom":[24], 
        "landing_top":[25], 
        "link_icon":[26], 
        "logo_chrome":[27], 
        "logo_google":[28], 
        "logo_oz":[29], 
        "logo_oz_over":[30], 
        "music_bottom":[31], 
        "music_mid_bar":[32], 
        "music_top":[33], 
        "pause_bottom":[34], 
        "pause_left":[35], 
        "pause_right":[36], 
        "pause_top":[37], 
        "preloader_back":[38], 
        "preloader_front":[39], 
        "rating_block":[40], 
        "swosh_down":[41], 
        "swosh_up":[42], 
        "tooltip_large":[43], 
        "video_progress_background":[44], 
        "video_progress_border":[45], 
        "video_progress_scrubber":[46], 
        "zoe_bottom":[47], 
        "zoe_top":[48]
},
"texturepacker": [
        "SmartUpdateHash: $TexturePacker:SmartUpdate:15ee37f45c2310abd9ff4d40e90c32ad$",
        "Created with TexturePacker (http://www.texturepacker.com) for EasalJS"
]
}
